name,image
Universal Robots,https://www.unboxindustry.com/wp-content/uploads/2022/06/Universal-Robot-150x150.webp
Dobot,https://www.unboxindustry.com/wp-content/uploads/2022/06/Dobot-150x150.webp
Robotiq,https://www.unboxindustry.com/wp-content/uploads/2022/06/Robotiq-150x150.webp
HIKRobot,https://www.unboxindustry.com/wp-content/uploads/2022/06/HIK-Robot-150x150.webp
Epson,https://www.unboxindustry.com/wp-content/uploads/2022/06/Epson-150x150.webp
DH Robotics,https://www.unboxindustry.com/wp-content/uploads/2022/06/DH-ROBOTICS-1-150x150.webp
Han's Robot,https://www.unboxindustry.com/wp-content/uploads/2022/06/Hans-Robot-150x150.webp
SoftGripping,https://www.unboxindustry.com/wp-content/uploads/2022/06/Soft-Gripping-150x150.webp
HitBot,https://www.unboxindustry.com/wp-content/uploads/2022/06/hitbot-150x150.webp
Solomon,https://www.unboxindustry.com/wp-content/uploads/2023/02/solmon-150x150.webp
EasyRobotics,https://www.unboxindustry.com/wp-content/uploads/2022/06/Easy-Robotics-150x150.webp
Drim Robotics,https://www.unboxindustry.com/wp-content/uploads/2022/06/Drim-robotics-150x150.webp
Garmo Instrument,https://www.unboxindustry.com/wp-content/uploads/2022/06/Garmo-Instrument-150x150.webp
OnRobot,https://www.unboxindustry.com/wp-content/uploads/2022/06/Onrobot-150x150.webp
SmartShift Robotics,https://www.unboxindustry.com/wp-content/uploads/2022/06/Smart-Shift-Robotics-150x150.webp
Spin Robotics,https://www.unboxindustry.com/wp-content/uploads/2022/06/Spin-Robotics-150x150.webp
Soft Robot Tech,https://www.unboxindustry.com/wp-content/uploads/2022/06/SRT-150x150.webp
VersaBuilt Robotics,https://www.unboxindustry.com/wp-content/uploads/2022/06/Versaa-Built-Robotics-150x150.webp
Nordbo Robotics,https://www.unboxindustry.com/wp-content/uploads/2023/02/nordbo-150x150.webp
Cambrian Vision,https://www.unboxindustry.com/wp-content/uploads/2022/07/logo-150x150.webp
TripleA Robotics,https://www.unboxindustry.com/wp-content/uploads/2022/07/logo-1-150x150.webp
Elite Robotics,https://www.unboxindustry.com/wp-content/uploads/2023/02/elite-150x150.webp
Youibot,https://www.unboxindustry.com/wp-content/uploads/2022/07/Youibot-logo-150x150.webp
Roboworld,https://www.unboxindustry.com/wp-content/uploads/2023/02/roboworld-150x150.webp
Aim Robotics,https://www.unboxindustry.com/wp-content/uploads/2023/02/Aim-Robo-150x150.webp
Millibar Robotics,https://www.unboxindustry.com/wp-content/uploads/2022/10/logo-150x150.webp
iRAYPLE,https://www.unboxindustry.com/wp-content/uploads/2022/10/Untitled-1-150x150.webp
ClampBooster,https://www.unboxindustry.com/wp-content/uploads/2023/02/Clamp-150x150.webp
Techman Robot,https://www.unboxindustry.com/wp-content/uploads/2022/12/TM-Logo-1-150x150.webp
Janatics Pneumatics,https://www.unboxindustry.com/wp-content/uploads/2023/02/janatics-150x150.webp
QB Robotics,https://www.unboxindustry.com/wp-content/uploads/2023/02/qb-robotics-150x150.webp